{"responsive":{"0":{"items":1},"480":{"items":1},"768":{"items":3},"992":{"items":5},"1200":{"items":6}},"AN_BRANDSLIDER_TITLE":{"1":"title","3":"title","5":"title","8":"title","9":"title","10":"title","11":"title"},"AN_BRANDSLIDER_SHOW_BLOCK_TITLE":false,"displayName":false,"selectHook":"displayFooter","imageType":"14","margin":0,"center":false,"loop":false,"nav":true,"navRewind":true,"mouseDrag":true,"touchDrag":true,"dots":false,"lazyLoad":false,"autoplay":false,"autoplayTimeout":5000,"autoplayHoverPause":false,"smartSpeed":250,"responsiveRefreshRate":200}