{"id_anthemeblock":"1","block_identifier":"596dcb4dc0a22","id_parent":"0","status":"0","position":"1","date_add":"2022-12-12 18:22:41","date_upd":"2022-12-15 01:55:27","hook_ids":"displaySliderFullWidth","template":"views\/templates\/front\/homeslider\/homeslider.tpl","img":"","title":"Home Slider","content":"","image":"","link":"#","formdata":{"id_anthemeblock":"1","id_anthemeblock_data":"4","data":{"additional_field_homeslider_preloader":"1","additional_field_homeslider_preloader1920":"645","additional_field_homeslider_preloader1600":"537","additional_field_homeslider_preloader1366":"457","additional_field_homeslider_preloader991":"300","additional_field_homeslider_preloader767":"300","additional_field_homeslider_lazyload":"0","additional_field_homeslider_items":"1","additional_field_homeslider_loop":"1","additional_field_homeslider_nav":"1","additional_field_homeslider_dots":"1","additional_field_homeslider_autoplay":"1","additional_field_homeslider_autoplayTimeout":"5000","additional_field_homeslider_responsiveImage":"1","additional_field_homeslider_desktop":"1","additional_field_homeslider_mobile":"1","additional_field_homeslider_desktopcontent":"1","additional_field_homeslider_mobilecontent":"1"}},"children":[{"id_anthemeblock":"2","block_identifier":"596dcb9c9d1a6","id_parent":"1","status":"1","position":"0","date_add":"2022-12-12 18:22:41","date_upd":"2022-12-14 21:56:49","hook_ids":"","template":"views\/templates\/front\/homeslider\/item.tpl","img":"","title":"Vintage Wash Crewneck","content":"<p>Garment-dyed and washed with a special technique for incredible softness and true color.<\/p>","image":"","link":"#","formdata":{"id_anthemeblock":"2","id_anthemeblock_data":"1","data":{"additional_field_item_showtitle":"1","additional_field_item_showbutton":"1"}},"children":[]},{"id_anthemeblock":"3","block_identifier":"596dcbbb24c9e","id_parent":"1","status":"1","position":"0","date_add":"2022-12-12 18:22:41","date_upd":"2022-12-12 18:22:41","hook_ids":"","template":"views\/templates\/front\/homeslider\/item.tpl","img":"596dcbbb28f26","title":"City graphic crewneck tee","content":"<p>Garment-dyed and washed with a special technique for incredible softness and true color.<\/p>","image":"","link":"#","formdata":{"id_anthemeblock":"3","id_anthemeblock_data":"2","data":{"additional_field_item_showtitle":"1","additional_field_item_showbutton":"1"}},"children":[]},{"id_anthemeblock":"4","block_identifier":"596dcbd0e4799","id_parent":"1","status":"1","position":"0","date_add":"2022-12-12 18:22:41","date_upd":"2022-12-12 18:22:41","hook_ids":"","template":"views\/templates\/front\/homeslider\/item.tpl","img":"596dcbd0e5044","title":"Modern crew tee","content":"<p>Garment-dyed and washed with a special technique for incredible softness and true color.<\/p>","image":"","link":"#","formdata":{"id_anthemeblock":"4","id_anthemeblock_data":"3","data":{"additional_field_item_showtitle":"1","additional_field_item_showbutton":"1"}},"children":[]}]}