{"id_anthemeblock":"9","block_identifier":"596e0fdeeefec","id_parent":"0","status":"0","position":"7","date_add":"2022-12-12 18:22:41","date_upd":"2022-12-15 01:55:27","hook_ids":"displayHome","template":"views\/templates\/front\/productblocksslider\/productblocksslider.tpl","img":"","title":"Products Slider","content":"","image":"","link":"#","formdata":{"id_anthemeblock":"9","id_anthemeblock_data":"10","data":[]},"children":[{"id_anthemeblock":"10","block_identifier":"596e0fef8e053","id_parent":"9","status":"1","position":"0","date_add":"2022-12-12 18:22:41","date_upd":"2022-12-12 18:22:41","hook_ids":"","template":"views\/templates\/front\/productblocksslider\/item.tpl","img":"","title":"New arrival","content":"","image":"","link":"#","formdata":{"id_anthemeblock":"10","id_anthemeblock_data":"9","data":{"additional_field_item_loop":"1","additional_field_item_nav":"1","additional_field_item_dots":"1","additional_field_item_autoplay":"0","additional_field_item_autoplayTimeout":"5000","additional_field_item_type":"new","additional_field_item_value":"","additional_field_item_products_count":"6"}},"children":[]}]}