{"id_anthemeblock":"5","block_identifier":"596e05a401301","id_parent":"0","status":"1","position":"2","date_add":"2022-12-12 18:22:41","date_upd":"2022-12-15 20:00:58","hook_ids":"displayHomeBefore","template":"views\/templates\/front\/advantagestype1\/advantagestype1.tpl","img":"","title":"Advantages","content":"","image":"","link":"#","formdata":{"id_anthemeblock":"5","id_anthemeblock_data":"8","data":{"additional_field_advantagestype1_canteredimage":"1","additional_field_advantagestype1_additionaltext":"0"}},"children":[{"id_anthemeblock":"6","block_identifier":"596e064751b86","id_parent":"5","status":"1","position":"0","date_add":"2022-12-12 18:22:41","date_upd":"2022-12-15 00:54:29","hook_ids":"","template":"views\/templates\/front\/advantagestype1\/item.tpl","img":"","title":"Zwroty nawet do 60 dni","content":"<p><span style=\"color: #000000; font-family: consolas, 'lucida console', 'courier new', monospace;\"><span style=\"font-size: 12px; white-space: pre-wrap;\">szybkie i proste<\/span><\/span><\/p>","image":"","link":"#","formdata":{"id_anthemeblock":"6","id_anthemeblock_data":"5","data":[]},"children":[]},{"id_anthemeblock":"7","block_identifier":"596e065f633e1","id_parent":"5","status":"1","position":"0","date_add":"2022-12-12 18:22:41","date_upd":"2022-12-15 01:26:28","hook_ids":"","template":"views\/templates\/front\/advantagestype1\/item.tpl","img":"","title":"Darmowa dostawa","content":"<p>ju\u017c od 400 z\u0142<\/p>","image":"","link":"#","formdata":{"id_anthemeblock":"7","id_anthemeblock_data":"6","data":[]},"children":[]},{"id_anthemeblock":"8","block_identifier":"596e067b95401","id_parent":"5","status":"1","position":"0","date_add":"2022-12-12 18:22:41","date_upd":"2022-12-15 01:28:45","hook_ids":"","template":"views\/templates\/front\/advantagestype1\/item.tpl","img":"","title":"5 lat gwarancji","content":"<p>You\u2019ll be speaking with one of our courteous representatives in 60 seconds or less!\u00a0<\/p>","image":"","link":"#","formdata":{"id_anthemeblock":"8","id_anthemeblock_data":"7","data":[]},"children":[]}]}