{"id_anthemeblock":"11","block_identifier":"596e15a47b236","id_parent":"0","status":"0","position":"5","date_add":"2022-12-12 18:22:41","date_upd":"2022-12-15 02:49:53","hook_ids":"displayHomeBefore","template":"views\/templates\/front\/staticblocks\/staticblocks.tpl","img":"","title":"Home Static Banners","content":"","image":"","link":"#","formdata":{"id_anthemeblock":"11","id_anthemeblock_data":"13","data":[]},"children":[{"id_anthemeblock":"12","block_identifier":"596e161203ac2","id_parent":"11","status":"1","position":"0","date_add":"2022-12-12 18:22:41","date_upd":"2022-12-15 00:46:51","hook_ids":"","template":"views\/templates\/front\/staticblocks\/item.tpl","img":"","title":"New collection","content":"","image":"","link":"#","formdata":{"id_anthemeblock":"12","id_anthemeblock_data":"11","data":[]},"children":[]},{"id_anthemeblock":"13","block_identifier":"596e16209b653","id_parent":"11","status":"1","position":"0","date_add":"2022-12-12 18:22:41","date_upd":"2022-12-15 00:43:36","hook_ids":"","template":"views\/templates\/front\/staticblocks\/item.tpl","img":"","title":"Sale now on","content":"","image":"","link":"#","formdata":{"id_anthemeblock":"13","id_anthemeblock_data":"12","data":[]},"children":[]}]}