{"id_anthemeblock":"14","block_identifier":"596f2bbf8ca98","id_parent":"0","status":"0","position":"8","date_add":"2022-12-12 18:22:42","date_upd":"2022-12-15 01:55:27","hook_ids":"displayHomeAfter","template":"views\/templates\/front\/producttabs\/producttabs.tpl","img":"","title":"Products Tabs","content":"","image":"","link":"#","formdata":{"id_anthemeblock":"14","id_anthemeblock_data":"17","data":[]},"children":[{"id_anthemeblock":"15","block_identifier":"596f2bd738a52","id_parent":"14","status":"1","position":"0","date_add":"2022-12-12 18:22:42","date_upd":"2022-12-12 18:22:42","hook_ids":"","template":"views\/templates\/front\/producttabs\/item.tpl","img":"","title":"Best seller","content":"","image":"","link":"#","formdata":{"id_anthemeblock":"15","id_anthemeblock_data":"14","data":{"additional_field_item_type":"bestsellers","additional_field_item_value":"","additional_field_item_products_count":"8"}},"children":[]},{"id_anthemeblock":"16","block_identifier":"596f2bfcebc27","id_parent":"14","status":"1","position":"0","date_add":"2022-12-12 18:22:42","date_upd":"2022-12-12 18:22:42","hook_ids":"","template":"views\/templates\/front\/producttabs\/item.tpl","img":"","title":"Most popular","content":"","image":"","link":"#","formdata":{"id_anthemeblock":"16","id_anthemeblock_data":"15","data":{"additional_field_item_type":"category","additional_field_item_value":"2","additional_field_item_products_count":"8"}},"children":[]},{"id_anthemeblock":"17","block_identifier":"596f2c0f7d8c9","id_parent":"14","status":"1","position":"0","date_add":"2022-12-12 18:22:42","date_upd":"2022-12-12 18:22:42","hook_ids":"","template":"views\/templates\/front\/producttabs\/item.tpl","img":"","title":"Special","content":"","image":"","link":"#","formdata":{"id_anthemeblock":"17","id_anthemeblock_data":"16","data":{"additional_field_item_type":"sale","additional_field_item_value":"","additional_field_item_products_count":"8"}},"children":[]}]}