{"id_anthemeblock":"19","block_identifier":"5971ff4c1268c","id_parent":"0","status":"0","position":"10","date_add":"2022-12-12 18:22:42","date_upd":"2022-12-15 01:59:47","hook_ids":"displayReassurance","template":"views\/templates\/front\/reassurance\/reassurance.tpl","img":"","title":"Reassurance Product","content":"","image":"","link":"#","formdata":{"id_anthemeblock":"19","id_anthemeblock_data":"22","data":[]},"children":[{"id_anthemeblock":"20","block_identifier":"5971ff9f4d1b8","id_parent":"19","status":"1","position":"0","date_add":"2022-12-12 18:22:42","date_upd":"2022-12-12 18:22:42","hook_ids":"","template":"views\/templates\/front\/reassurance\/item.tpl","img":"5971ff9f4d8cf","title":"Free delivery","content":"","image":"","link":"#","formdata":{"id_anthemeblock":"20","id_anthemeblock_data":"19","data":[]},"children":[]},{"id_anthemeblock":"21","block_identifier":"5971ffb1a2dcc","id_parent":"19","status":"1","position":"0","date_add":"2022-12-12 18:22:42","date_upd":"2022-12-12 18:22:42","hook_ids":"","template":"views\/templates\/front\/reassurance\/item.tpl","img":"5971ffb1a3662","title":"Discount system","content":"","image":"","link":"#","formdata":{"id_anthemeblock":"21","id_anthemeblock_data":"20","data":[]},"children":[]},{"id_anthemeblock":"22","block_identifier":"5971ffc5143f6","id_parent":"19","status":"1","position":"0","date_add":"2022-12-12 18:22:42","date_upd":"2022-12-12 18:22:42","hook_ids":"","template":"views\/templates\/front\/reassurance\/item.tpl","img":"5971ffc514afc","title":"Support 24\/7","content":"","image":"","link":"#","formdata":{"id_anthemeblock":"22","id_anthemeblock_data":"21","data":[]},"children":[]}]}