{"id_anthemeblock":"50","block_identifier":"5e98415347b24","id_parent":"0","status":"0","position":"20","date_add":"2022-12-12 18:22:43","date_upd":"2022-12-15 01:55:27","hook_ids":"displayHome","template":"views\/templates\/front\/productblocks_t4\/productblocks_t4.tpl","img":"","title":"homepage 4 products block","content":"","image":"","link":"#","formdata":{"id_anthemeblock":"50","id_anthemeblock_data":"51","data":[]},"children":[{"id_anthemeblock":"51","block_identifier":"5e984175d84a7","id_parent":"50","status":"1","position":"0","date_add":"2022-12-12 18:22:43","date_upd":"2022-12-12 18:22:43","hook_ids":"","template":"views\/templates\/front\/productblocks_t4\/item.tpl","img":"","title":"Best seller","content":"","image":"","link":"#","formdata":{"id_anthemeblock":"51","id_anthemeblock_data":"50","data":{"additional_field_item_type":"bestsellers","additional_field_item_value":"","additional_field_item_products_count":"8"}},"children":[]}]}