{"id_anthemeblock":"39","block_identifier":"5e983b5f6d557","id_parent":"0","status":"0","position":"17","date_add":"2022-12-12 18:22:42","date_upd":"2022-12-15 01:55:27","hook_ids":"displayHome","template":"views\/templates\/front\/productblocksslider_t3\/productblocksslider_t3.tpl","img":"","title":"homepage 3 product slider 2","content":"","image":"","link":"#","formdata":{"id_anthemeblock":"39","id_anthemeblock_data":"40","data":[]},"children":[{"id_anthemeblock":"40","block_identifier":"5e983b721bc9e","id_parent":"39","status":"1","position":"0","date_add":"2022-12-12 18:22:42","date_upd":"2022-12-12 18:22:42","hook_ids":"","template":"views\/templates\/front\/productblocksslider_t3\/item.tpl","img":"","title":"New arrival","content":"","image":"","link":"#","formdata":{"id_anthemeblock":"40","id_anthemeblock_data":"39","data":{"additional_field_item_loop":"0","additional_field_item_nav":"0","additional_field_item_dots":"0","additional_field_item_autoplay":"0","additional_field_item_autoplayTimeout":"5000","additional_field_item_type":"new","additional_field_item_value":"","additional_field_item_products_count":"4"}},"children":[]}]}