{"id_anthemeblock":"37","block_identifier":"5e983a7072af1","id_parent":"0","status":"0","position":"16","date_add":"2022-12-12 18:22:42","date_upd":"2022-12-15 18:19:57","hook_ids":"displayHomeAfter","template":"views\/templates\/front\/productblocksslider_t3\/productblocksslider_t3.tpl","img":"","title":"homepage 3 product slider","content":"","image":"","link":"#","formdata":{"id_anthemeblock":"37","id_anthemeblock_data":"38","data":[]},"children":[{"id_anthemeblock":"38","block_identifier":"5e983a8e8224e","id_parent":"37","status":"1","position":"0","date_add":"2022-12-12 18:22:42","date_upd":"2022-12-15 17:55:43","hook_ids":"","template":"views\/templates\/front\/productblocksslider_t3\/item.tpl","img":"","title":"Promocja","content":"","image":"","link":"#","formdata":{"id_anthemeblock":"38","id_anthemeblock_data":"37","data":{"additional_field_item_loop":"1","additional_field_item_nav":"0","additional_field_item_dots":"0","additional_field_item_autoplay":"1","additional_field_item_autoplayTimeout":"5000","additional_field_item_type":"sale","additional_field_item_value":"","additional_field_item_products_count":"2"}},"children":[]}]}