{"id_anthemeblock":"43","block_identifier":"5e9840566e2d2","id_parent":"0","status":"0","position":"19","date_add":"2022-12-12 18:22:42","date_upd":"2022-12-15 01:55:27","hook_ids":"displaySliderFullWidth","template":"views\/templates\/front\/homeslider_t4\/homeslider_t4.tpl","img":"","title":"homepage4 slider","content":"","image":"","link":"#","formdata":{"id_anthemeblock":"43","id_anthemeblock_data":"46","data":{"additional_field_homeslider_t4_preloader":"1","additional_field_homeslider_t4_items":"1","additional_field_homeslider_t4_loop":"1","additional_field_homeslider_t4_nav":"1","additional_field_homeslider_t4_dots":"1","additional_field_homeslider_t4_autoplay":"1","additional_field_homeslider_t4_autoplayTimeout":"5000","additional_field_homeslider_t4_textposition":"left","additional_field_homeslider_t4_responsiveImage":"1","additional_field_homeslider_t4_mobile":"1"}},"children":[{"id_anthemeblock":"44","block_identifier":"5e984080af38d","id_parent":"43","status":"1","position":"0","date_add":"2022-12-12 18:22:42","date_upd":"2022-12-12 18:22:42","hook_ids":"","template":"views\/templates\/front\/homeslider_t4\/item.tpl","img":"5e984080afc97","title":"Vintage Wash Crewneck","content":"<p>Garment-dyed and washed with a special technique for incredible softness and true color.<\/p>","image":"s1.jpg","link":"#","formdata":{"id_anthemeblock":"44","id_anthemeblock_data":"43","data":[]},"children":[]},{"id_anthemeblock":"45","block_identifier":"5e98408daceb8","id_parent":"43","status":"1","position":"0","date_add":"2022-12-12 18:22:42","date_upd":"2022-12-12 18:22:42","hook_ids":"","template":"views\/templates\/front\/homeslider_t4\/item.tpl","img":"5e98408dade3d","title":"Vintage Wash Crewneck 2","content":"<p>Garment-dyed and washed with a special technique for incredible softness and true color.<\/p>","image":"s2.jpg","link":"#","formdata":{"id_anthemeblock":"45","id_anthemeblock_data":"44","data":[]},"children":[]},{"id_anthemeblock":"46","block_identifier":"5e98409a4ebee","id_parent":"43","status":"1","position":"0","date_add":"2022-12-12 18:22:43","date_upd":"2022-12-12 18:22:43","hook_ids":"","template":"views\/templates\/front\/homeslider_t4\/item.tpl","img":"5e98409a4f4ae","title":"Vintage Wash Crewneck 3","content":"<p>Garment-dyed and washed with a special technique for incredible softness and true color.<\/p>","image":"s3.jpg","link":"#","formdata":{"id_anthemeblock":"46","id_anthemeblock_data":"45","data":[]},"children":[]}]}