{"id_anthemeblock":"60","block_identifier":"5e9844f0a440e","id_parent":"0","status":"0","position":"23","date_add":"2022-12-12 18:22:43","date_upd":"2022-12-15 01:55:27","hook_ids":"displaySliderFullWidth","template":"views\/templates\/front\/homeslider_t5\/homeslider_t5.tpl","img":"","title":"homepage5 slider","content":"","image":"","link":"#","formdata":{"id_anthemeblock":"60","id_anthemeblock_data":"63","data":{"additional_field_homeslider_t5_preloader":"1","additional_field_homeslider_t5_items":"1","additional_field_homeslider_t5_loop":"1","additional_field_homeslider_t5_nav":"1","additional_field_homeslider_t5_dots":"1","additional_field_homeslider_t5_autoplay":"1","additional_field_homeslider_t5_autoplayTimeout":"5000","additional_field_homeslider_t5_textposition":"center","additional_field_homeslider_t5_responsiveImage":"1","additional_field_homeslider_t5_mobile":"1"}},"children":[{"id_anthemeblock":"61","block_identifier":"5e984512c777a","id_parent":"60","status":"1","position":"0","date_add":"2022-12-12 18:22:43","date_upd":"2022-12-12 18:22:43","hook_ids":"","template":"views\/templates\/front\/homeslider_t5\/item.tpl","img":"5e984512c8188","title":"Vintage Wash Crewneck","content":"<p>Garment-dyed and washed with a special technique for incredible softness and true color.<\/p>","image":"s1.jpg","link":"#","formdata":{"id_anthemeblock":"61","id_anthemeblock_data":"60","data":[]},"children":[]},{"id_anthemeblock":"62","block_identifier":"5e98451fac698","id_parent":"60","status":"1","position":"0","date_add":"2022-12-12 18:22:43","date_upd":"2022-12-12 18:22:43","hook_ids":"","template":"views\/templates\/front\/homeslider_t5\/item.tpl","img":"5e98451facf43","title":"Vintage Wash Crewneck 2","content":"<p>Garment-dyed and washed with a special technique for incredible softness and true color.<\/p>","image":"s2.jpg","link":"#","formdata":{"id_anthemeblock":"62","id_anthemeblock_data":"61","data":[]},"children":[]},{"id_anthemeblock":"63","block_identifier":"5e98452d37ed5","id_parent":"60","status":"1","position":"0","date_add":"2022-12-12 18:22:43","date_upd":"2022-12-12 18:22:43","hook_ids":"","template":"views\/templates\/front\/homeslider_t5\/item.tpl","img":"5e98452d38758","title":"Vintage Wash Crewneck 3","content":"<p>Garment-dyed and washed with a special technique for incredible softness and true color.<\/p>","image":"s3.jpg","link":"#","formdata":{"id_anthemeblock":"63","id_anthemeblock_data":"62","data":[]},"children":[]}]}