{"id_anthemeblock":"64","block_identifier":"5e98455498bed","id_parent":"0","status":"0","position":"24","date_add":"2022-12-12 18:22:43","date_upd":"2022-12-15 01:55:27","hook_ids":"displaySliderFullWidth","template":"views\/templates\/front\/blockcategory_t5\/blockcategory_t5.tpl","img":"","title":"homepage 5 category blocks","content":"","image":"","link":"#","formdata":{"id_anthemeblock":"64","id_anthemeblock_data":"67","data":[]},"children":[{"id_anthemeblock":"65","block_identifier":"5e984574e2bde","id_parent":"64","status":"1","position":"0","date_add":"2022-12-12 18:22:43","date_upd":"2022-12-12 18:22:43","hook_ids":"","template":"views\/templates\/front\/blockcategory_t5\/big.tpl","img":"5e984574e3475","title":"New Jackets","content":"<p>One of the world\u2019s leading designer!<\/p>","image":"b1.jpg","link":"#","formdata":{"id_anthemeblock":"65","id_anthemeblock_data":"64","data":[]},"children":[]},{"id_anthemeblock":"66","block_identifier":"5e9845864c34d","id_parent":"64","status":"1","position":"0","date_add":"2022-12-12 18:22:43","date_upd":"2022-12-12 18:22:43","hook_ids":"","template":"views\/templates\/front\/blockcategory_t5\/big.tpl","img":"5e9845864cbc4","title":"Dresses","content":"<p>One of the world\u2019s leading designer!<\/p>","image":"b2.jpg","link":"#","formdata":{"id_anthemeblock":"66","id_anthemeblock_data":"65","data":[]},"children":[]},{"id_anthemeblock":"67","block_identifier":"5e984592f0c4b","id_parent":"64","status":"1","position":"0","date_add":"2022-12-12 18:22:43","date_upd":"2022-12-12 18:22:43","hook_ids":"","template":"views\/templates\/front\/blockcategory_t5\/big.tpl","img":"5e984592f17a1","title":"Jeans","content":"<p>One of the world\u2019s leading designer!<\/p>","image":"b3.jpg","link":"#","formdata":{"id_anthemeblock":"67","id_anthemeblock_data":"66","data":[]},"children":[]}]}