{"id_anthemeblock":"24","block_identifier":"5e982f60e13a1","id_parent":"0","status":"0","position":"12","date_add":"2022-12-12 18:22:42","date_upd":"2022-12-15 01:55:27","hook_ids":"displaySliderFullWidth","template":"views\/templates\/front\/homeslider_t2\/homeslider_t2.tpl","img":"","title":"homepage2 slider","content":"","image":"","link":"#","formdata":{"id_anthemeblock":"24","id_anthemeblock_data":"27","data":{"additional_field_homeslider_t2_preloader":"1","additional_field_homeslider_t2_items":"1","additional_field_homeslider_t2_loop":"1","additional_field_homeslider_t2_nav":"0","additional_field_homeslider_t2_dots":"1","additional_field_homeslider_t2_autoplay":"1","additional_field_homeslider_t2_autoplayTimeout":"5000","additional_field_homeslider_t2_textposition":"left","additional_field_homeslider_t2_responsiveImage":"1","additional_field_homeslider_t2_mobile":"1"}},"children":[{"id_anthemeblock":"25","block_identifier":"5e982f8d67d83","id_parent":"24","status":"1","position":"0","date_add":"2022-12-12 18:22:42","date_upd":"2022-12-12 18:22:42","hook_ids":"","template":"views\/templates\/front\/homeslider_t2\/item.tpl","img":"5e982f8d6860e","title":"Vintage Wash Crewneck","content":"<p>Garment-dyed and washed with a special technique for incredible softness and true color.<\/p>","image":"","link":"#","formdata":{"id_anthemeblock":"25","id_anthemeblock_data":"24","data":[]},"children":[]},{"id_anthemeblock":"26","block_identifier":"5e982fa439c87","id_parent":"24","status":"1","position":"0","date_add":"2022-12-12 18:22:42","date_upd":"2022-12-12 18:22:42","hook_ids":"","template":"views\/templates\/front\/homeslider_t2\/item.tpl","img":"5e982fa43a5e9","title":"Vintage Wash Crewneck 2","content":"<p>Garment-dyed and washed with a special technique for incredible softness and true color.<\/p>","image":"","link":"#","formdata":{"id_anthemeblock":"26","id_anthemeblock_data":"25","data":[]},"children":[]},{"id_anthemeblock":"27","block_identifier":"5e982fb49397c","id_parent":"24","status":"1","position":"0","date_add":"2022-12-12 18:22:42","date_upd":"2022-12-12 18:22:42","hook_ids":"","template":"views\/templates\/front\/homeslider_t2\/item.tpl","img":"5e982fb4945f8","title":"Vintage Wash Crewneck 3","content":"<p>Garment-dyed and washed with a special technique for incredible softness and true color.<\/p>","image":"","link":"#","formdata":{"id_anthemeblock":"27","id_anthemeblock_data":"26","data":[]},"children":[]}]}