{"id_anthemeblock":"47","block_identifier":"5e9840c2becd1","id_parent":"0","status":"0","position":"11","date_add":"2022-12-12 18:22:43","date_upd":"2022-12-15 01:55:27","hook_ids":"displayHome","template":"views\/templates\/front\/promoblocks_t4\/promoblocks_t4.tpl","img":"","title":"homepage 4 promoblocks","content":"","image":"","link":"#","formdata":{"id_anthemeblock":"47","id_anthemeblock_data":"49","data":[]},"children":[{"id_anthemeblock":"48","block_identifier":"5e9840f689e79","id_parent":"47","status":"1","position":"0","date_add":"2022-12-12 18:22:43","date_upd":"2022-12-15 00:32:30","hook_ids":"","template":"views\/templates\/front\/promoblocks_t4\/big.tpl","img":"","title":"New Personal Style","content":"<p>For many professional women, getting dressed for the office<\/p>","image":"b1.jpg","link":"#","formdata":{"id_anthemeblock":"48","id_anthemeblock_data":"47","data":{"additional_field_big_textpostion":"center","additional_field_big_bgpostion":"right"}},"children":[]},{"id_anthemeblock":"49","block_identifier":"5e9841173a869","id_parent":"47","status":"1","position":"0","date_add":"2022-12-12 18:22:43","date_upd":"2022-12-15 00:41:09","hook_ids":"","template":"views\/templates\/front\/promoblocks_t4\/big.tpl","img":"","title":"New Personal Style","content":"","image":"b2.jpg","link":"#","formdata":{"id_anthemeblock":"49","id_anthemeblock_data":"48","data":{"additional_field_big_textpostion":"left","additional_field_big_bgpostion":"center"}},"children":[]}]}