{"id_anthemeblock":"28","block_identifier":"5e982fed93bc5","id_parent":"0","status":"0","position":"13","date_add":"2022-12-12 18:22:42","date_upd":"2022-12-15 01:55:27","hook_ids":"displayHome","template":"views\/templates\/front\/productblocksslider_t2\/productblocksslider_t2.tpl","img":"","title":"homepage 2 product slider","content":"","image":"","link":"#","formdata":{"id_anthemeblock":"28","id_anthemeblock_data":"29","data":[]},"children":[{"id_anthemeblock":"29","block_identifier":"5e98300d3d23a","id_parent":"28","status":"1","position":"0","date_add":"2022-12-12 18:22:42","date_upd":"2022-12-12 18:22:42","hook_ids":"","template":"views\/templates\/front\/productblocksslider_t2\/item.tpl","img":"","title":"New arrivals","content":"","image":"","link":"#","formdata":{"id_anthemeblock":"29","id_anthemeblock_data":"28","data":{"additional_field_item_loop":"0","additional_field_item_nav":"0","additional_field_item_dots":"1","additional_field_item_autoplay":"0","additional_field_item_autoplayTimeout":"5000","additional_field_item_type":"new","additional_field_item_value":"","additional_field_item_products_count":"12"}},"children":[]}]}