{"id_anthemeblock":"41","block_identifier":"5e983b8f509d3","id_parent":"0","status":"0","position":"18","date_add":"2022-12-12 18:22:42","date_upd":"2022-12-15 02:47:23","hook_ids":"displayHome","template":"views\/templates\/front\/promoblocks_t3\/promoblocks_t3.tpl","img":"","title":"homepage 3 promoblocks","content":"","image":"","link":"#","formdata":{"id_anthemeblock":"41","id_anthemeblock_data":"42","data":[]},"children":[{"id_anthemeblock":"42","block_identifier":"5e983bc63c70c","id_parent":"41","status":"0","position":"0","date_add":"2022-12-12 18:22:42","date_upd":"2022-12-15 01:50:31","hook_ids":"","template":"views\/templates\/front\/promoblocks_t3\/big.tpl","img":"5e983bc63d482","title":"Fancy Dresses","content":"<p>A good pair of shoes builds the foundation for a rewarding hobby, but the wrong shoes can cause blisters<\/p>","image":"b1.jpg","link":"#","formdata":{"id_anthemeblock":"42","id_anthemeblock_data":"41","data":{"additional_field_big_additional_text":""}},"children":[]}]}