{"id_anthemeblock":"30","block_identifier":"5e983036e1b5f","id_parent":"0","status":"0","position":"14","date_add":"2022-12-12 18:22:42","date_upd":"2022-12-15 01:55:27","hook_ids":"displayHome","template":"views\/templates\/front\/blockcategory_t2\/blockcategory_t2.tpl","img":"","title":"Our collections","content":"","image":"","link":"#","formdata":{"id_anthemeblock":"30","id_anthemeblock_data":"32","data":[]},"children":[{"id_anthemeblock":"31","block_identifier":"5e98305f2c86e","id_parent":"30","status":"1","position":"0","date_add":"2022-12-12 18:22:42","date_upd":"2022-12-12 18:22:42","hook_ids":"","template":"views\/templates\/front\/blockcategory_t2\/big.tpl","img":"5e98305f2d25b","title":"Hone in on that personal style","content":"<p>One of the world\u2019s leading designer lifestyle brands!<\/p>","image":"b1.jpg","link":"#","formdata":{"id_anthemeblock":"31","id_anthemeblock_data":"30","data":[]},"children":[]},{"id_anthemeblock":"32","block_identifier":"5e98307400117","id_parent":"30","status":"1","position":"0","date_add":"2022-12-12 18:22:42","date_upd":"2022-12-12 18:22:42","hook_ids":"","template":"views\/templates\/front\/blockcategory_t2\/middle.tpl","img":"5e98307400985","title":"New jackets","content":"<p>One of the world\u2019s leading designer!<\/p>","image":"b2.jpg","link":"#","formdata":{"id_anthemeblock":"32","id_anthemeblock_data":"31","data":[]},"children":[]}]}