{"id_anthemeblock":"33","block_identifier":"5e9839e8d136e","id_parent":"0","status":"0","position":"15","date_add":"2022-12-12 18:22:42","date_upd":"2022-12-15 01:55:27","hook_ids":"displaySliderContainerWidth","template":"views\/templates\/front\/homeslider_t3\/homeslider_t3.tpl","img":"","title":"homepage3 slider","content":"","image":"","link":"#","formdata":{"id_anthemeblock":"33","id_anthemeblock_data":"36","data":{"additional_field_homeslider_t3_preloader":"1","additional_field_homeslider_t3_items":"1","additional_field_homeslider_t3_loop":"1","additional_field_homeslider_t3_nav":"0","additional_field_homeslider_t3_dots":"1","additional_field_homeslider_t3_autoplay":"1","additional_field_homeslider_t3_autoplayTimeout":"5000","additional_field_homeslider_t3_textposition":"left","additional_field_homeslider_t3_responsiveImage":"1","additional_field_homeslider_t3_mobile":"1"}},"children":[{"id_anthemeblock":"34","block_identifier":"5e983a1311ccc","id_parent":"33","status":"1","position":"0","date_add":"2022-12-12 18:22:42","date_upd":"2022-12-15 02:45:12","hook_ids":"","template":"views\/templates\/front\/homeslider_t3\/item.tpl","img":"","title":"Baner1","content":"","image":"s1.jpg","link":"#","formdata":{"id_anthemeblock":"34","id_anthemeblock_data":"33","data":{"additional_field_item_showtitle":"0","additional_field_item_showbutton":"0"}},"children":[]},{"id_anthemeblock":"35","block_identifier":"5e983a371d27a","id_parent":"33","status":"1","position":"0","date_add":"2022-12-12 18:22:42","date_upd":"2022-12-12 18:22:42","hook_ids":"","template":"views\/templates\/front\/homeslider_t3\/item.tpl","img":"5e983a371db06","title":"Vintage Clothes 2","content":"<p>Garment-dyed and washed with a special technique for incredible softness and true color.<\/p>","image":"s2.jpg","link":"#","formdata":{"id_anthemeblock":"35","id_anthemeblock_data":"34","data":[]},"children":[]},{"id_anthemeblock":"36","block_identifier":"5e983a4b47d2c","id_parent":"33","status":"1","position":"0","date_add":"2022-12-12 18:22:42","date_upd":"2022-12-12 18:22:42","hook_ids":"","template":"views\/templates\/front\/homeslider_t3\/item.tpl","img":"5e983a4b485bf","title":"Vintage Clothes 3","content":"<p>Garment-dyed and washed with a special technique for incredible softness and true color.<\/p>","image":"s3.jpg","link":"#","formdata":{"id_anthemeblock":"36","id_anthemeblock_data":"35","data":[]},"children":[]}]}