{"id_anthemeblock":"77","block_identifier":"603f5264d34d2","id_parent":"0","status":"1","position":"3","date_add":"2022-12-12 18:22:44","date_upd":"2022-12-15 01:55:46","hook_ids":"displayHomeBefore","template":"views\/templates\/front\/advantagestype1\/advantagestype1.tpl","img":"","title":"homepage 6 advantages","content":"","image":"","link":"#","formdata":{"id_anthemeblock":"77","id_anthemeblock_data":"80","data":{"additional_field_advantagestype1_canteredimage":"1","additional_field_advantagestype1_additionaltext":"0"}},"children":[{"id_anthemeblock":"78","block_identifier":"603f52a0d520c","id_parent":"77","status":"1","position":"0","date_add":"2022-12-12 18:22:44","date_upd":"2022-12-15 01:31:38","hook_ids":"","template":"views\/templates\/front\/advantagestype1\/item.tpl","img":"","title":"Paczkomaty","content":"<p>wkr\u00f3tce<\/p>","image":"a1.png","link":"#","formdata":{"id_anthemeblock":"78","id_anthemeblock_data":"77","data":[]},"children":[]},{"id_anthemeblock":"79","block_identifier":"603f52cce84f1","id_parent":"77","status":"1","position":"0","date_add":"2022-12-12 18:22:44","date_upd":"2022-12-15 01:33:22","hook_ids":"","template":"views\/templates\/front\/advantagestype1\/item.tpl","img":"","title":"Polskie produkty","content":"<p>sprawdzona jako\u015b\u0107<\/p>","image":"a2.png","link":"#","formdata":{"id_anthemeblock":"79","id_anthemeblock_data":"78","data":[]},"children":[]},{"id_anthemeblock":"80","block_identifier":"603f52f4d3564","id_parent":"77","status":"1","position":"0","date_add":"2022-12-12 18:22:44","date_upd":"2022-12-15 01:34:12","hook_ids":"","template":"views\/templates\/front\/advantagestype1\/item.tpl","img":"","title":"Przymierz lampe","content":"<p>w aplikacji<\/p>","image":"a3.png","link":"#","formdata":{"id_anthemeblock":"80","id_anthemeblock_data":"79","data":[]},"children":[]}]}