{"id_anthemeblock":"74","block_identifier":"603f50fe6c48a","id_parent":"0","status":"0","position":"26","date_add":"2022-12-12 18:22:43","date_upd":"2022-12-15 20:01:22","hook_ids":"displayHome","template":"views\/templates\/front\/blockcategory_t2\/blockcategory_t2.tpl","img":"","title":"Our collections","content":"","image":"","link":"#","formdata":{"id_anthemeblock":"74","id_anthemeblock_data":"76","data":[]},"children":[{"id_anthemeblock":"75","block_identifier":"603f513d29ed5","id_parent":"74","status":"1","position":"0","date_add":"2022-12-12 18:22:43","date_upd":"2022-12-12 18:22:43","hook_ids":"","template":"views\/templates\/front\/blockcategory_t2\/big.tpl","img":"603f513d2aa2a","title":"Hone in on that personal style","content":"<p>One of the world\u2019s leading designer lifestyle brands!<\/p>","image":"c1.jpg","link":"#","formdata":{"id_anthemeblock":"75","id_anthemeblock_data":"74","data":[]},"children":[]},{"id_anthemeblock":"76","block_identifier":"603f5176d9cef","id_parent":"74","status":"1","position":"0","date_add":"2022-12-12 18:22:43","date_upd":"2022-12-12 18:22:43","hook_ids":"","template":"views\/templates\/front\/blockcategory_t2\/middle.tpl","img":"603f5176da884","title":"New Jackets","content":"<p>One of the world\u2019s leading designer!<\/p>","image":"c2.jpg","link":"#","formdata":{"id_anthemeblock":"76","id_anthemeblock_data":"75","data":[]},"children":[]}]}