{"id_anthemeblock":"72","block_identifier":"603f50a602a47","id_parent":"0","status":"1","position":"25","date_add":"2022-12-12 18:22:43","date_upd":"2022-12-15 01:55:27","hook_ids":"displayHome","template":"views\/templates\/front\/productblocks_t4\/productblocks_t4.tpl","img":"","title":"homepage 6 product blocks","content":"","image":"","link":"#","formdata":{"id_anthemeblock":"72","id_anthemeblock_data":"73","data":[]},"children":[{"id_anthemeblock":"73","block_identifier":"603f50bec73d3","id_parent":"72","status":"1","position":"0","date_add":"2022-12-12 18:22:43","date_upd":"2022-12-15 01:58:06","hook_ids":"","template":"views\/templates\/front\/productblocks_t4\/item.tpl","img":"","title":"Nowe produkty","content":"","image":"","link":"#","formdata":{"id_anthemeblock":"73","id_anthemeblock_data":"72","data":{"additional_field_item_type":"featured","additional_field_item_value":"287","additional_field_item_products_count":"4"}},"children":[]}]}