{"id_anthemeblock":"68","block_identifier":"603f4f927f083","id_parent":"0","status":"1","position":"6","date_add":"2022-12-12 18:22:43","date_upd":"2022-12-15 01:55:27","hook_ids":"displaySliderFullWidth","template":"views\/templates\/front\/homeslider_t2\/homeslider_t2.tpl","img":"","title":"homepage 6 slider","content":"","image":"","link":"#","formdata":{"id_anthemeblock":"68","id_anthemeblock_data":"71","data":{"additional_field_homeslider_t2_preloader":"1","additional_field_homeslider_t2_items":"1","additional_field_homeslider_t2_loop":"1","additional_field_homeslider_t2_nav":"0","additional_field_homeslider_t2_dots":"1","additional_field_homeslider_t2_autoplay":"1","additional_field_homeslider_t2_autoplayTimeout":"5000","additional_field_homeslider_t2_textposition":"left","additional_field_homeslider_t2_responsiveImage":"0","additional_field_homeslider_t2_desktop":"1","additional_field_homeslider_t2_mobile":"1","additional_field_homeslider_t2_desktopcontent":"1","additional_field_homeslider_t2_mobilecontent":"1"}},"children":[{"id_anthemeblock":"69","block_identifier":"603f4fc637870","id_parent":"68","status":"1","position":"0","date_add":"2022-12-12 18:22:43","date_upd":"2022-12-14 22:03:05","hook_ids":"","template":"views\/templates\/front\/homeslider_t2\/item.tpl","img":"","title":"Vintage Clothes","content":"","image":"","link":"#","formdata":{"id_anthemeblock":"69","id_anthemeblock_data":"68","data":{"additional_field_item_showtitle":"0","additional_field_item_showbutton":"0"}},"children":[]},{"id_anthemeblock":"70","block_identifier":"603f5025b960e","id_parent":"68","status":"1","position":"0","date_add":"2022-12-12 18:22:43","date_upd":"2022-12-14 22:13:31","hook_ids":"","template":"views\/templates\/front\/homeslider_t2\/item.tpl","img":"","title":"Vintage Clothes 2","content":"","image":"img_2.jpg","link":"#","formdata":{"id_anthemeblock":"70","id_anthemeblock_data":"69","data":{"additional_field_item_showtitle":"0","additional_field_item_showbutton":"0"}},"children":[]},{"id_anthemeblock":"71","block_identifier":"603f5050a544b","id_parent":"68","status":"1","position":"0","date_add":"2022-12-12 18:22:43","date_upd":"2022-12-15 00:01:29","hook_ids":"","template":"views\/templates\/front\/homeslider_t2\/item.tpl","img":"","title":"Vintage Clothes 3","content":"","image":"img_3.jpg","link":"#","formdata":{"id_anthemeblock":"71","id_anthemeblock_data":"70","data":{"additional_field_item_showtitle":"0","additional_field_item_showbutton":"0"}},"children":[]}]}