{"id_anthemeblock":"11","block_identifier":"596e15a47b236","id_parent":"0","status":"1","position":"4","date_add":"2020-06-24 04:19:19","date_upd":"2021-09-17 16:36:15","hook_ids":"displayHome","template":"views\/templates\/front\/staticblocks\/staticblocks.tpl","img":"","title":"Home Static Banners","content":"","image":"","link":"#","formdata":{"id_anthemeblock":"11","id_anthemeblock_data":"13","data":[]},"children":[{"id_anthemeblock":"12","block_identifier":"596e161203ac2","id_parent":"11","status":"1","position":"0","date_add":"2020-06-24 04:19:19","date_upd":"2020-06-24 04:19:19","hook_ids":"","template":"views\/templates\/front\/staticblocks\/item.tpl","img":"596e1612043d4","title":"New collection","content":"","image":"","link":"#","formdata":{"id_anthemeblock":"12","id_anthemeblock_data":"11","data":[]},"children":[]},{"id_anthemeblock":"13","block_identifier":"596e16209b653","id_parent":"11","status":"1","position":"0","date_add":"2020-06-24 04:19:19","date_upd":"2020-06-24 04:19:19","hook_ids":"","template":"views\/templates\/front\/staticblocks\/item.tpl","img":"596e16209bdec","title":"Sale now on","content":"","image":"","link":"#","formdata":{"id_anthemeblock":"13","id_anthemeblock_data":"12","data":[]},"children":[]}]}