{"id_anthemeblock":"5","block_identifier":"596e05a401301","id_parent":"0","status":"1","position":"2","date_add":"2020-06-24 04:19:19","date_upd":"2021-09-17 16:36:15","hook_ids":"displayHomeBefore","template":"views\/templates\/front\/advantagestype1\/advantagestype1.tpl","img":"","title":"Advantages","content":"","image":"","link":"#","formdata":{"id_anthemeblock":"5","id_anthemeblock_data":"8","data":{"additional_field_advantagestype1_canteredimage":"1","additional_field_advantagestype1_additionaltext":"0"}},"children":[{"id_anthemeblock":"6","block_identifier":"596e064751b86","id_parent":"5","status":"1","position":"0","date_add":"2020-06-24 04:19:19","date_upd":"2020-06-24 04:19:19","hook_ids":"","template":"views\/templates\/front\/advantagestype1\/item.tpl","img":"596e0647526e4","title":"Free shipping","content":"<p>Convenient shipping to your door. Skip the trip on orders $50+<\/p>","image":"","link":"#","formdata":{"id_anthemeblock":"6","id_anthemeblock_data":"5","data":[]},"children":[]},{"id_anthemeblock":"7","block_identifier":"596e065f633e1","id_parent":"5","status":"1","position":"0","date_add":"2020-06-24 04:19:19","date_upd":"2020-06-24 04:19:19","hook_ids":"","template":"views\/templates\/front\/advantagestype1\/item.tpl","img":"596e065f63b7e","title":"Money back guarantee","content":"<p>Not satisfied with your order? Ship it back or return it in-store.<\/p>","image":"","link":"#","formdata":{"id_anthemeblock":"7","id_anthemeblock_data":"6","data":[]},"children":[]},{"id_anthemeblock":"8","block_identifier":"596e067b95401","id_parent":"5","status":"1","position":"0","date_add":"2020-06-24 04:19:19","date_upd":"2020-06-24 04:19:19","hook_ids":"","template":"views\/templates\/front\/advantagestype1\/item.tpl","img":"596e067b95f20","title":"Support 24\/7","content":"<p>You\u2019ll be speaking with one of our courteous representatives in 60 seconds or less!\u00a0<\/p>","image":"","link":"#","formdata":{"id_anthemeblock":"8","id_anthemeblock_data":"7","data":[]},"children":[]}]}