{"id_anthemeblock":"14","block_identifier":"596f2bbf8ca98","id_parent":"0","status":"1","position":"5","date_add":"2020-06-24 04:19:19","date_upd":"2021-09-17 16:36:15","hook_ids":"displayHomeAfter","template":"views\/templates\/front\/producttabs\/producttabs.tpl","img":"","title":"Products Tabs","content":"","image":"","link":"#","formdata":{"id_anthemeblock":"14","id_anthemeblock_data":"17","data":[]},"children":[{"id_anthemeblock":"15","block_identifier":"596f2bd738a52","id_parent":"14","status":"1","position":"0","date_add":"2020-06-24 04:19:19","date_upd":"2020-06-24 04:19:19","hook_ids":"","template":"views\/templates\/front\/producttabs\/item.tpl","img":"","title":"Best seller","content":"","image":"","link":"#","formdata":{"id_anthemeblock":"15","id_anthemeblock_data":"14","data":{"additional_field_item_type":"bestsellers","additional_field_item_value":"","additional_field_item_products_count":"8"}},"children":[]},{"id_anthemeblock":"16","block_identifier":"596f2bfcebc27","id_parent":"14","status":"1","position":"0","date_add":"2020-06-24 04:19:19","date_upd":"2020-06-24 04:19:19","hook_ids":"","template":"views\/templates\/front\/producttabs\/item.tpl","img":"","title":"Most popular","content":"","image":"","link":"#","formdata":{"id_anthemeblock":"16","id_anthemeblock_data":"15","data":{"additional_field_item_type":"category","additional_field_item_value":"2","additional_field_item_products_count":"8"}},"children":[]},{"id_anthemeblock":"17","block_identifier":"596f2c0f7d8c9","id_parent":"14","status":"1","position":"0","date_add":"2020-06-24 04:19:19","date_upd":"2020-06-24 04:19:19","hook_ids":"","template":"views\/templates\/front\/producttabs\/item.tpl","img":"","title":"Special","content":"","image":"","link":"#","formdata":{"id_anthemeblock":"17","id_anthemeblock_data":"16","data":{"additional_field_item_type":"sale","additional_field_item_value":"","additional_field_item_products_count":"8"}},"children":[]}]}