{"id_anthemeblock":"32","block_identifier":"5971ff4c1268c","id_parent":"0","status":"1","position":"10","date_add":"2020-06-24 04:19:19","date_upd":"2021-09-17 16:36:15","hook_ids":"displayReassurance","template":"views\/templates\/front\/reassurance\/reassurance.tpl","img":"","title":"Reassurance Product","content":"","image":"","link":"#","formdata":{"id_anthemeblock":"32","id_anthemeblock_data":"35","data":[]},"children":[{"id_anthemeblock":"33","block_identifier":"5971ff9f4d1b8","id_parent":"32","status":"1","position":"0","date_add":"2020-06-24 04:19:19","date_upd":"2020-06-24 04:19:19","hook_ids":"","template":"views\/templates\/front\/reassurance\/item.tpl","img":"5971ff9f4d8cf","title":"Free delivery","content":"","image":"","link":"#","formdata":{"id_anthemeblock":"33","id_anthemeblock_data":"32","data":[]},"children":[]},{"id_anthemeblock":"34","block_identifier":"5971ffb1a2dcc","id_parent":"32","status":"1","position":"0","date_add":"2020-06-24 04:19:19","date_upd":"2020-06-24 04:19:19","hook_ids":"","template":"views\/templates\/front\/reassurance\/item.tpl","img":"5971ffb1a3662","title":"Discount system","content":"","image":"","link":"#","formdata":{"id_anthemeblock":"34","id_anthemeblock_data":"33","data":[]},"children":[]},{"id_anthemeblock":"35","block_identifier":"5971ffc5143f6","id_parent":"32","status":"1","position":"0","date_add":"2020-06-24 04:19:19","date_upd":"2020-06-24 04:19:19","hook_ids":"","template":"views\/templates\/front\/reassurance\/item.tpl","img":"5971ffc514afc","title":"Support 24\/7","content":"","image":"","link":"#","formdata":{"id_anthemeblock":"35","id_anthemeblock_data":"34","data":[]},"children":[]}]}