{"id_anthemeblock":"71","block_identifier":"5e98415347b24","id_parent":"0","status":"0","position":"26","date_add":"2020-06-24 04:19:19","date_upd":"2021-09-17 16:36:15","hook_ids":"displayHome","template":"views\/templates\/front\/productblocks_t4\/productblocks_t4.tpl","img":"","title":"homepage 4 products block","content":"","image":"","link":"#","formdata":{"id_anthemeblock":"71","id_anthemeblock_data":"72","data":[]},"children":[{"id_anthemeblock":"72","block_identifier":"5e984175d84a7","id_parent":"71","status":"1","position":"0","date_add":"2020-06-24 04:19:19","date_upd":"2020-06-24 04:19:19","hook_ids":"","template":"views\/templates\/front\/productblocks_t4\/item.tpl","img":"","title":"Best seller","content":"","image":"","link":"#","formdata":{"id_anthemeblock":"72","id_anthemeblock_data":"71","data":{"additional_field_item_type":"bestsellers","additional_field_item_value":"","additional_field_item_products_count":"8"}},"children":[]}]}