{"id_anthemeblock":"77","block_identifier":"5e9842e2ed5cd","id_parent":"0","status":"0","position":"28","date_add":"2020-06-24 04:19:19","date_upd":"2021-09-17 16:36:15","hook_ids":"displayMiddle","template":"views\/templates\/front\/advantagestype1\/advantagestype1.tpl","img":"","title":"homepage 4 advantages","content":"","image":"","link":"#","formdata":{"id_anthemeblock":"77","id_anthemeblock_data":"80","data":{"additional_field_advantagestype1_canteredimage":"1","additional_field_advantagestype1_additionaltext":"0"}},"children":[{"id_anthemeblock":"78","block_identifier":"5e9842fd126d2","id_parent":"77","status":"1","position":"0","date_add":"2020-06-24 04:19:19","date_upd":"2020-06-24 04:19:19","hook_ids":"","template":"views\/templates\/front\/advantagestype1\/item.tpl","img":"5e9842fd13a90","title":"Free shipping","content":"<p>Convenient shipping to your door. Skip the trip on orders $50+<\/p>","image":"a1.jpg","link":"#","formdata":{"id_anthemeblock":"78","id_anthemeblock_data":"77","data":[]},"children":[]},{"id_anthemeblock":"79","block_identifier":"5e9843124e69f","id_parent":"77","status":"1","position":"0","date_add":"2020-06-24 04:19:19","date_upd":"2020-06-24 04:19:19","hook_ids":"","template":"views\/templates\/front\/advantagestype1\/item.tpl","img":"5e9843124f501","title":"Money back guarantee","content":"<p>Not satisfied with your order? Ship it back or return it in-store.<\/p>","image":"a2.jpg","link":"#","formdata":{"id_anthemeblock":"79","id_anthemeblock_data":"78","data":[]},"children":[]},{"id_anthemeblock":"80","block_identifier":"5e9843244f799","id_parent":"77","status":"1","position":"0","date_add":"2020-06-24 04:19:19","date_upd":"2020-06-24 04:19:19","hook_ids":"","template":"views\/templates\/front\/advantagestype1\/item.tpl","img":"5e98432450510","title":"Support 24\/7","content":"<p>You\u2019ll be speaking with one of our courteous representatives in 60 seconds or less!<\/p>","image":"a3.jpg","link":"#","formdata":{"id_anthemeblock":"80","id_anthemeblock_data":"79","data":[]},"children":[]}]}