{"id_anthemeblock":"81","block_identifier":"5e9844f0a440e","id_parent":"0","status":"0","position":"29","date_add":"2020-06-24 04:19:19","date_upd":"2021-09-17 16:36:15","hook_ids":"displaySliderFullWidth","template":"views\/templates\/front\/homeslider_t5\/homeslider_t5.tpl","img":"","title":"homepage5 slider","content":"","image":"","link":"#","formdata":{"id_anthemeblock":"81","id_anthemeblock_data":"84","data":{"additional_field_homeslider_t5_preloader":"1","additional_field_homeslider_t5_items":"1","additional_field_homeslider_t5_loop":"1","additional_field_homeslider_t5_nav":"1","additional_field_homeslider_t5_dots":"1","additional_field_homeslider_t5_autoplay":"1","additional_field_homeslider_t5_autoplayTimeout":"5000","additional_field_homeslider_t5_textposition":"center","additional_field_homeslider_t5_responsiveImage":"1","additional_field_homeslider_t5_mobile":"1"}},"children":[{"id_anthemeblock":"82","block_identifier":"5e984512c777a","id_parent":"81","status":"1","position":"0","date_add":"2020-06-24 04:19:19","date_upd":"2020-06-24 04:19:19","hook_ids":"","template":"views\/templates\/front\/homeslider_t5\/item.tpl","img":"5e984512c8188","title":"Vintage Wash Crewneck","content":"<p>Garment-dyed and washed with a special technique for incredible softness and true color.<\/p>","image":"s1.jpg","link":"#","formdata":{"id_anthemeblock":"82","id_anthemeblock_data":"81","data":[]},"children":[]},{"id_anthemeblock":"83","block_identifier":"5e98451fac698","id_parent":"81","status":"1","position":"0","date_add":"2020-06-24 04:19:19","date_upd":"2020-06-24 04:19:19","hook_ids":"","template":"views\/templates\/front\/homeslider_t5\/item.tpl","img":"5e98451facf43","title":"Vintage Wash Crewneck 2","content":"<p>Garment-dyed and washed with a special technique for incredible softness and true color.<\/p>","image":"s2.jpg","link":"#","formdata":{"id_anthemeblock":"83","id_anthemeblock_data":"82","data":[]},"children":[]},{"id_anthemeblock":"84","block_identifier":"5e98452d37ed5","id_parent":"81","status":"1","position":"0","date_add":"2020-06-24 04:19:19","date_upd":"2020-06-24 04:19:19","hook_ids":"","template":"views\/templates\/front\/homeslider_t5\/item.tpl","img":"5e98452d38758","title":"Vintage Wash Crewneck 3","content":"<p>Garment-dyed and washed with a special technique for incredible softness and true color.<\/p>","image":"s3.jpg","link":"#","formdata":{"id_anthemeblock":"84","id_anthemeblock_data":"83","data":[]},"children":[]}]}