{"id_anthemeblock":"73","block_identifier":"5e9841c8277fb","id_parent":"0","status":"0","position":"27","date_add":"2020-06-24 04:19:19","date_upd":"2021-09-17 16:36:15","hook_ids":"displayMiddleWrapper","template":"views\/templates\/front\/reviews_t4\/reviews_t4.tpl","img":"","title":"homepage 4 reviews","content":"","image":"","link":"#","formdata":{"id_anthemeblock":"73","id_anthemeblock_data":"76","data":{"additional_field_reviews_t4_loop":"1","additional_field_reviews_t4_nav":"1","additional_field_reviews_t4_dots":"0","additional_field_reviews_t4_autoplay":"0","additional_field_reviews_t4_autoplayTimeout":"5000","additional_field_reviews_t4_mobile":"1"}},"children":[{"id_anthemeblock":"74","block_identifier":"5e9842851bba4","id_parent":"73","status":"1","position":"0","date_add":"2020-06-24 04:19:19","date_upd":"2020-06-24 04:19:19","hook_ids":"","template":"views\/templates\/front\/reviews_t4\/item.tpl","img":"5e9842851c58a","title":"Michael James","content":"<p>This is Photoshop's version of Lorem Ipsum. Proin gravida nibh vel velit auctor aliquet. Aenean sollicitudin, lorem quis bibendum auctor, nisi elit consequat ipsum, nec sagittis sem nibh id elit. odio sit amet nibh vulputate cursus a sit amet mauris. Morbi accumsan ipsum velit.<\/p>","image":"z1.jpg","link":"#","formdata":{"id_anthemeblock":"74","id_anthemeblock_data":"73","data":{"additional_field_item_email":"michael2019@gmail.com"}},"children":[]},{"id_anthemeblock":"75","block_identifier":"5e984292d5927","id_parent":"73","status":"1","position":"0","date_add":"2020-06-24 04:19:19","date_upd":"2020-06-24 04:19:19","hook_ids":"","template":"views\/templates\/front\/reviews_t4\/item.tpl","img":"5e984292d61e4","title":"Michael James 2","content":"<p>This is Photoshop's version of Lorem Ipsum. Proin gravida nibh vel velit auctor aliquet. Aenean sollicitudin, lorem quis bibendum auctor, nisi elit consequat ipsum, nec sagittis sem nibh id elit. odio sit amet nibh vulputate cursus a sit amet mauris. Morbi accumsan ipsum velit.<\/p>","image":"z2.jpg","link":"#","formdata":{"id_anthemeblock":"75","id_anthemeblock_data":"74","data":{"additional_field_item_email":"michael2019@gmail.com"}},"children":[]},{"id_anthemeblock":"76","block_identifier":"5e98429fb64e9","id_parent":"73","status":"1","position":"0","date_add":"2020-06-24 04:19:19","date_upd":"2020-06-24 04:19:19","hook_ids":"","template":"views\/templates\/front\/reviews_t4\/item.tpl","img":"5e98429fb6e3a","title":"Michael James 3","content":"<p>This is Photoshop's version of Lorem Ipsum. Proin gravida nibh vel velit auctor aliquet. Aenean sollicitudin, lorem quis bibendum auctor, nisi elit consequat ipsum, nec sagittis sem nibh id elit. odio sit amet nibh vulputate cursus a sit amet mauris. Morbi accumsan ipsum velit.<\/p>","image":"z3.jpg","link":"#","formdata":{"id_anthemeblock":"76","id_anthemeblock_data":"75","data":{"additional_field_item_email":"michael2019@gmail.com"}},"children":[]}]}