{"id_anthemeblock":"68","block_identifier":"5e9840c2becd1","id_parent":"0","status":"0","position":"25","date_add":"2020-06-24 04:19:19","date_upd":"2021-09-17 16:36:15","hook_ids":"displaySliderFullWidth","template":"views\/templates\/front\/promoblocks_t4\/promoblocks_t4.tpl","img":"","title":"homepage 4 promoblocks","content":"","image":"","link":"#","formdata":{"id_anthemeblock":"68","id_anthemeblock_data":"70","data":[]},"children":[{"id_anthemeblock":"69","block_identifier":"5e9840f689e79","id_parent":"68","status":"1","position":"0","date_add":"2020-06-24 04:19:19","date_upd":"2020-06-24 04:19:19","hook_ids":"","template":"views\/templates\/front\/promoblocks_t4\/big.tpl","img":"5e9840f68a731","title":"New Personal Style","content":"<p>For many professional women, getting dressed for the office<\/p>","image":"b1.jpg","link":"#","formdata":{"id_anthemeblock":"69","id_anthemeblock_data":"68","data":{"additional_field_big_textpostion":"center","additional_field_big_bgpostion":"right"}},"children":[]},{"id_anthemeblock":"70","block_identifier":"5e9841173a869","id_parent":"68","status":"1","position":"0","date_add":"2020-06-24 04:19:19","date_upd":"2020-06-24 04:19:19","hook_ids":"","template":"views\/templates\/front\/promoblocks_t4\/big.tpl","img":"5e9841173b184","title":"New Personal Style","content":"<p>For many professional women, getting dressed for the office<\/p>","image":"b2.jpg","link":"#","formdata":{"id_anthemeblock":"70","id_anthemeblock_data":"69","data":{"additional_field_big_textpostion":"left","additional_field_big_bgpostion":"center"}},"children":[]}]}