{"id_anthemeblock":"54","block_identifier":"5e983a7072af1","id_parent":"0","status":"0","position":"20","date_add":"2020-06-24 04:19:19","date_upd":"2021-09-17 16:36:15","hook_ids":"displayHome","template":"views\/templates\/front\/productblocksslider_t3\/productblocksslider_t3.tpl","img":"","title":"homepage 3 product slider","content":"","image":"","link":"#","formdata":{"id_anthemeblock":"54","id_anthemeblock_data":"55","data":[]},"children":[{"id_anthemeblock":"55","block_identifier":"5e983a8e8224e","id_parent":"54","status":"1","position":"0","date_add":"2020-06-24 04:19:19","date_upd":"2020-06-24 04:19:19","hook_ids":"","template":"views\/templates\/front\/productblocksslider_t3\/item.tpl","img":"","title":"Most popular","content":"","image":"","link":"#","formdata":{"id_anthemeblock":"55","id_anthemeblock_data":"54","data":{"additional_field_item_loop":"0","additional_field_item_nav":"0","additional_field_item_dots":"0","additional_field_item_autoplay":"0","additional_field_item_autoplayTimeout":"5000","additional_field_item_type":"bestsellers","additional_field_item_value":"","additional_field_item_products_count":"4"}},"children":[]}]}