{"id_anthemeblock":"47","block_identifier":"5e983036e1b5f","id_parent":"0","status":"0","position":"18","date_add":"2020-06-24 04:19:19","date_upd":"2021-09-17 16:36:15","hook_ids":"displayHome","template":"views\/templates\/front\/blockcategory_t2\/blockcategory_t2.tpl","img":"","title":"Our collections","content":"","image":"","link":"#","formdata":{"id_anthemeblock":"47","id_anthemeblock_data":"49","data":[]},"children":[{"id_anthemeblock":"48","block_identifier":"5e98305f2c86e","id_parent":"47","status":"1","position":"0","date_add":"2020-06-24 04:19:19","date_upd":"2020-06-24 04:19:19","hook_ids":"","template":"views\/templates\/front\/blockcategory_t2\/big.tpl","img":"5e98305f2d25b","title":"Hone in on that personal style","content":"<p>One of the world\u2019s leading designer lifestyle brands!<\/p>","image":"b1.jpg","link":"#","formdata":{"id_anthemeblock":"48","id_anthemeblock_data":"47","data":[]},"children":[]},{"id_anthemeblock":"49","block_identifier":"5e98307400117","id_parent":"47","status":"1","position":"0","date_add":"2020-06-24 04:19:19","date_upd":"2020-06-24 04:19:19","hook_ids":"","template":"views\/templates\/front\/blockcategory_t2\/middle.tpl","img":"5e98307400985","title":"New jackets","content":"<p>One of the world\u2019s leading designer!<\/p>","image":"b2.jpg","link":"#","formdata":{"id_anthemeblock":"49","id_anthemeblock_data":"48","data":[]},"children":[]}]}