{"id_anthemeblock":"50","block_identifier":"5e9839e8d136e","id_parent":"0","status":"0","position":"19","date_add":"2020-06-24 04:19:19","date_upd":"2021-09-17 16:36:15","hook_ids":"displaySliderContainerWidth","template":"views\/templates\/front\/homeslider_t3\/homeslider_t3.tpl","img":"","title":"homepage3 slider","content":"","image":"","link":"#","formdata":{"id_anthemeblock":"50","id_anthemeblock_data":"53","data":{"additional_field_homeslider_t3_preloader":"1","additional_field_homeslider_t3_items":"1","additional_field_homeslider_t3_loop":"1","additional_field_homeslider_t3_nav":"0","additional_field_homeslider_t3_dots":"1","additional_field_homeslider_t3_autoplay":"1","additional_field_homeslider_t3_autoplayTimeout":"5000","additional_field_homeslider_t3_textposition":"left","additional_field_homeslider_t3_responsiveImage":"1","additional_field_homeslider_t3_mobile":"1"}},"children":[{"id_anthemeblock":"51","block_identifier":"5e983a1311ccc","id_parent":"50","status":"1","position":"0","date_add":"2020-06-24 04:19:19","date_upd":"2020-06-24 04:19:19","hook_ids":"","template":"views\/templates\/front\/homeslider_t3\/item.tpl","img":"5e983a13125b0","title":"Vintage Clothes","content":"<p>Garment-dyed and washed with a special technique for incredible softness and true color.<\/p>","image":"s1.jpg","link":"#","formdata":{"id_anthemeblock":"51","id_anthemeblock_data":"50","data":[]},"children":[]},{"id_anthemeblock":"52","block_identifier":"5e983a371d27a","id_parent":"50","status":"1","position":"0","date_add":"2020-06-24 04:19:19","date_upd":"2020-06-24 04:19:19","hook_ids":"","template":"views\/templates\/front\/homeslider_t3\/item.tpl","img":"5e983a371db06","title":"Vintage Clothes 2","content":"<p>Garment-dyed and washed with a special technique for incredible softness and true color.<\/p>","image":"s2.jpg","link":"#","formdata":{"id_anthemeblock":"52","id_anthemeblock_data":"51","data":[]},"children":[]},{"id_anthemeblock":"53","block_identifier":"5e983a4b47d2c","id_parent":"50","status":"1","position":"0","date_add":"2020-06-24 04:19:19","date_upd":"2020-06-24 04:19:19","hook_ids":"","template":"views\/templates\/front\/homeslider_t3\/item.tpl","img":"5e983a4b485bf","title":"Vintage Clothes 3","content":"<p>Garment-dyed and washed with a special technique for incredible softness and true color.<\/p>","image":"s3.jpg","link":"#","formdata":{"id_anthemeblock":"53","id_anthemeblock_data":"52","data":[]},"children":[]}]}