{"id_anthemeblock":"62","block_identifier":"5e983b8f509d3","id_parent":"0","status":"0","position":"23","date_add":"2020-06-24 04:19:19","date_upd":"2021-09-17 16:36:15","hook_ids":"displayHome","template":"views\/templates\/front\/promoblocks_t3\/promoblocks_t3.tpl","img":"","title":"homepage 3 promoblocks","content":"","image":"","link":"#","formdata":{"id_anthemeblock":"62","id_anthemeblock_data":"63","data":[]},"children":[{"id_anthemeblock":"63","block_identifier":"5e983bc63c70c","id_parent":"62","status":"1","position":"0","date_add":"2020-06-24 04:19:19","date_upd":"2020-06-24 04:19:19","hook_ids":"","template":"views\/templates\/front\/promoblocks_t3\/big.tpl","img":"5e983bc63d482","title":"Fancy Dresses","content":"<p>A good pair of shoes builds the foundation for a rewarding hobby, but the wrong shoes can cause blisters<\/p>","image":"b1.jpg","link":"#","formdata":{"id_anthemeblock":"63","id_anthemeblock_data":"62","data":{"additional_field_big_additional_text":""}},"children":[]}]}