{"id_anthemeblock":"41","block_identifier":"5e982f60e13a1","id_parent":"0","status":"0","position":"16","date_add":"2020-06-24 04:19:19","date_upd":"2021-09-17 16:36:15","hook_ids":"displaySliderFullWidth","template":"views\/templates\/front\/homeslider_t2\/homeslider_t2.tpl","img":"","title":"homepage2 slider","content":"","image":"","link":"#","formdata":{"id_anthemeblock":"41","id_anthemeblock_data":"44","data":{"additional_field_homeslider_t2_preloader":"1","additional_field_homeslider_t2_items":"1","additional_field_homeslider_t2_loop":"1","additional_field_homeslider_t2_nav":"0","additional_field_homeslider_t2_dots":"1","additional_field_homeslider_t2_autoplay":"1","additional_field_homeslider_t2_autoplayTimeout":"5000","additional_field_homeslider_t2_textposition":"left","additional_field_homeslider_t2_responsiveImage":"1","additional_field_homeslider_t2_mobile":"1"}},"children":[{"id_anthemeblock":"42","block_identifier":"5e982f8d67d83","id_parent":"41","status":"1","position":"0","date_add":"2020-06-24 04:19:19","date_upd":"2020-06-24 04:19:19","hook_ids":"","template":"views\/templates\/front\/homeslider_t2\/item.tpl","img":"5e982f8d6860e","title":"Vintage Wash Crewneck","content":"<p>Garment-dyed and washed with a special technique for incredible softness and true color.<\/p>","image":"","link":"#","formdata":{"id_anthemeblock":"42","id_anthemeblock_data":"41","data":[]},"children":[]},{"id_anthemeblock":"43","block_identifier":"5e982fa439c87","id_parent":"41","status":"1","position":"0","date_add":"2020-06-24 04:19:19","date_upd":"2020-06-24 04:19:19","hook_ids":"","template":"views\/templates\/front\/homeslider_t2\/item.tpl","img":"5e982fa43a5e9","title":"Vintage Wash Crewneck 2","content":"<p>Garment-dyed and washed with a special technique for incredible softness and true color.<\/p>","image":"","link":"#","formdata":{"id_anthemeblock":"43","id_anthemeblock_data":"42","data":[]},"children":[]},{"id_anthemeblock":"44","block_identifier":"5e982fb49397c","id_parent":"41","status":"1","position":"0","date_add":"2020-06-24 04:19:19","date_upd":"2020-06-24 04:19:19","hook_ids":"","template":"views\/templates\/front\/homeslider_t2\/item.tpl","img":"5e982fb4945f8","title":"Vintage Wash Crewneck 3","content":"<p>Garment-dyed and washed with a special technique for incredible softness and true color.<\/p>","image":"","link":"#","formdata":{"id_anthemeblock":"44","id_anthemeblock_data":"43","data":[]},"children":[]}]}