{"id_anthemeblock":"85","block_identifier":"5e98455498bed","id_parent":"0","status":"0","position":"30","date_add":"2020-06-24 04:19:19","date_upd":"2021-09-17 16:36:15","hook_ids":"displaySliderFullWidth","template":"views\/templates\/front\/blockcategory_t5\/blockcategory_t5.tpl","img":"","title":"homepage 5 category blocks","content":"","image":"","link":"#","formdata":{"id_anthemeblock":"85","id_anthemeblock_data":"88","data":[]},"children":[{"id_anthemeblock":"86","block_identifier":"5e984574e2bde","id_parent":"85","status":"1","position":"0","date_add":"2020-06-24 04:19:19","date_upd":"2020-06-24 04:19:19","hook_ids":"","template":"views\/templates\/front\/blockcategory_t5\/big.tpl","img":"5e984574e3475","title":"New Jackets","content":"<p>One of the world\u2019s leading designer!<\/p>","image":"b1.jpg","link":"#","formdata":{"id_anthemeblock":"86","id_anthemeblock_data":"85","data":[]},"children":[]},{"id_anthemeblock":"87","block_identifier":"5e9845864c34d","id_parent":"85","status":"1","position":"0","date_add":"2020-06-24 04:19:19","date_upd":"2020-06-24 04:19:19","hook_ids":"","template":"views\/templates\/front\/blockcategory_t5\/big.tpl","img":"5e9845864cbc4","title":"Dresses","content":"<p>One of the world\u2019s leading designer!<\/p>","image":"b2.jpg","link":"#","formdata":{"id_anthemeblock":"87","id_anthemeblock_data":"86","data":[]},"children":[]},{"id_anthemeblock":"88","block_identifier":"5e984592f0c4b","id_parent":"85","status":"1","position":"0","date_add":"2020-06-24 04:19:19","date_upd":"2020-06-24 04:19:19","hook_ids":"","template":"views\/templates\/front\/blockcategory_t5\/big.tpl","img":"5e984592f17a1","title":"Jeans","content":"<p>One of the world\u2019s leading designer!<\/p>","image":"b3.jpg","link":"#","formdata":{"id_anthemeblock":"88","id_anthemeblock_data":"87","data":[]},"children":[]}]}