{"id_anthemeblock":"89","block_identifier":"603f4f927f083","id_parent":"0","status":"0","position":"31","date_add":"2021-03-03 03:57:54","date_upd":"2021-09-17 16:36:15","hook_ids":"displaySliderFullWidth","template":"views\/templates\/front\/homeslider_t2\/homeslider_t2.tpl","img":"","title":"homepage 6 slider","content":"","image":"","link":"#","formdata":{"id_anthemeblock":"89","id_anthemeblock_data":"89","data":{"additional_field_homeslider_t2_preloader":"1","additional_field_homeslider_t2_items":"1","additional_field_homeslider_t2_loop":"1","additional_field_homeslider_t2_nav":"0","additional_field_homeslider_t2_dots":"1","additional_field_homeslider_t2_autoplay":"1","additional_field_homeslider_t2_autoplayTimeout":"5000","additional_field_homeslider_t2_textposition":"left","additional_field_homeslider_t2_responsiveImage":"0","additional_field_homeslider_t2_desktop":"1","additional_field_homeslider_t2_mobile":"1","additional_field_homeslider_t2_desktopcontent":"1","additional_field_homeslider_t2_mobilecontent":"1"}},"children":[{"id_anthemeblock":"90","block_identifier":"603f4fc637870","id_parent":"89","status":"1","position":"0","date_add":"2021-03-03 03:58:46","date_upd":"2021-03-03 03:59:39","hook_ids":"","template":"views\/templates\/front\/homeslider_t2\/item.tpl","img":"603f4fc638676","title":"Vintage Clothes","content":"<p>Garment-dyed and washed with a special technique for incredible softness and true color.<\/p>","image":"","link":"#","formdata":{"id_anthemeblock":"90","id_anthemeblock_data":"90","data":[]},"children":[]},{"id_anthemeblock":"91","block_identifier":"603f5025b960e","id_parent":"89","status":"1","position":"0","date_add":"2021-03-03 04:00:21","date_upd":"2021-03-03 04:00:22","hook_ids":"","template":"views\/templates\/front\/homeslider_t2\/item.tpl","img":"603f5025ba1ad","title":"Vintage Clothes 2","content":"<p>Garment-dyed and washed with a special technique for incredible softness and true color.<\/p>","image":"img_2.jpg","link":"#","formdata":{"id_anthemeblock":"91","id_anthemeblock_data":"91","data":[]},"children":[]},{"id_anthemeblock":"92","block_identifier":"603f5050a544b","id_parent":"89","status":"1","position":"0","date_add":"2021-03-03 04:01:04","date_upd":"2021-03-03 04:01:04","hook_ids":"","template":"views\/templates\/front\/homeslider_t2\/item.tpl","img":"603f5050a6a4a","title":"Vintage Clothes 3","content":"<p>Garment-dyed and washed with a special technique for incredible softness and true color.<\/p>","image":"img_3.jpg","link":"#","formdata":{"id_anthemeblock":"92","id_anthemeblock_data":"92","data":[]},"children":[]}]}