{"id_anthemeblock":"95","block_identifier":"603f50fe6c48a","id_parent":"0","status":"0","position":"33","date_add":"2021-03-03 04:03:58","date_upd":"2021-09-17 16:36:15","hook_ids":"displayHome","template":"views\/templates\/front\/blockcategory_t2\/blockcategory_t2.tpl","img":"","title":"Our collections","content":"","image":"","link":"#","formdata":{"id_anthemeblock":"95","id_anthemeblock_data":"95","data":[]},"children":[{"id_anthemeblock":"96","block_identifier":"603f513d29ed5","id_parent":"95","status":"1","position":"0","date_add":"2021-03-03 04:05:01","date_upd":"2021-03-03 04:05:01","hook_ids":"","template":"views\/templates\/front\/blockcategory_t2\/big.tpl","img":"603f513d2aa2a","title":"Hone in on that personal style","content":"<p>One of the world\u2019s leading designer lifestyle brands!<\/p>","image":"c1.jpg","link":"#","formdata":{"id_anthemeblock":"96","id_anthemeblock_data":"96","data":[]},"children":[]},{"id_anthemeblock":"97","block_identifier":"603f5176d9cef","id_parent":"95","status":"1","position":"0","date_add":"2021-03-03 04:05:58","date_upd":"2021-03-03 04:05:58","hook_ids":"","template":"views\/templates\/front\/blockcategory_t2\/middle.tpl","img":"603f5176da884","title":"New Jackets","content":"<p>One of the world\u2019s leading designer!<\/p>","image":"c2.jpg","link":"#","formdata":{"id_anthemeblock":"97","id_anthemeblock_data":"97","data":[]},"children":[]}]}