{"id_anthemeblock":"93","block_identifier":"603f50a602a47","id_parent":"0","status":"0","position":"32","date_add":"2021-03-03 04:02:30","date_upd":"2021-09-17 16:36:15","hook_ids":"displayHome","template":"views\/templates\/front\/productblocks_t4\/productblocks_t4.tpl","img":"","title":"homepage 6 product blocks","content":"","image":"","link":"#","formdata":{"id_anthemeblock":"93","id_anthemeblock_data":"93","data":[]},"children":[{"id_anthemeblock":"94","block_identifier":"603f50bec73d3","id_parent":"93","status":"1","position":"0","date_add":"2021-03-03 04:02:54","date_upd":"2021-03-03 04:02:54","hook_ids":"","template":"views\/templates\/front\/productblocks_t4\/item.tpl","img":"","title":"Most popular","content":"","image":"","link":"#","formdata":{"id_anthemeblock":"94","id_anthemeblock_data":"94","data":{"additional_field_item_type":"new","additional_field_item_value":"","additional_field_item_products_count":"4"}},"children":[]}]}