{"id_anthemeblock":"102","block_identifier":"603f5264d34d2","id_parent":"0","status":"0","position":"35","date_add":"2021-03-03 04:09:56","date_upd":"2021-09-17 16:36:15","hook_ids":"displayHome","template":"views\/templates\/front\/advantagestype1\/advantagestype1.tpl","img":"","title":"homepage 6 advantages","content":"","image":"","link":"#","formdata":{"id_anthemeblock":"102","id_anthemeblock_data":"102","data":{"additional_field_advantagestype1_canteredimage":"1","additional_field_advantagestype1_additionaltext":"0"}},"children":[{"id_anthemeblock":"103","block_identifier":"603f52a0d520c","id_parent":"102","status":"1","position":"0","date_add":"2021-03-03 04:10:56","date_upd":"2021-03-03 04:10:56","hook_ids":"","template":"views\/templates\/front\/advantagestype1\/item.tpl","img":"603f52a0d6192","title":"Free shipping","content":"<p>Convenient shipping to your door. Skip the trip on orders $50+<\/p>","image":"a1.png","link":"#","formdata":{"id_anthemeblock":"103","id_anthemeblock_data":"103","data":[]},"children":[]},{"id_anthemeblock":"104","block_identifier":"603f52cce84f1","id_parent":"102","status":"1","position":"0","date_add":"2021-03-03 04:11:40","date_upd":"2021-03-03 04:11:40","hook_ids":"","template":"views\/templates\/front\/advantagestype1\/item.tpl","img":"603f52cce9155","title":"Money back guaranteed","content":"<p>Not satisfied with your order? Ship it back or return it in-store.<\/p>","image":"a2.png","link":"#","formdata":{"id_anthemeblock":"104","id_anthemeblock_data":"104","data":[]},"children":[]},{"id_anthemeblock":"105","block_identifier":"603f52f4d3564","id_parent":"102","status":"1","position":"0","date_add":"2021-03-03 04:12:20","date_upd":"2021-03-03 04:12:20","hook_ids":"","template":"views\/templates\/front\/advantagestype1\/item.tpl","img":"603f52f4d4086","title":"Support 24\/7","content":"<p>You\u2019ll be speaking with one of our courteous representatives in 60 seconds or less!<\/p>","image":"a3.png","link":"#","formdata":{"id_anthemeblock":"105","id_anthemeblock_data":"105","data":[]},"children":[]}]}