{"pageLoadProgressBar_status":"","pageLoadProgressBar_color":"#2fb5d2","shoppingCart_sidebarCart":"1","shoppingCart_fontsizegsc":"24px","shoppingCart_backgroundsc":"#f4f4f4","shoppingCart_backgroun2dsc":"#ffffff","global_typeHomepage":"homepage4","global_themeFont":"lato","global_themeFontAN":"yesteryear","global_basicColor":"#000000","global_bodyBackground":"#ffffff","global_link":"#a5a5a5","global_linkHover":"#000000","global_basicfontcolor":"#000000","global_basicfontsize":"16px","global_BasicLineHeight":"26px","global_pfontsize":"16px","global_pLineHeight":"26px","product_lazyLoad":"1","product_productMobileRow":"1","product_productImageChange":"hover-slider","product_titleCatalogColor":"#000000","product_titleCatalogFontSize":"16px","product_titleFontSize":"36px","product_priceColor":"#000","product_priceFontSize":"20px","product_oldPriceColor":"#888888","product_oldPriceFontSize":"16px","product_borderImageCatalog":"0","product_borderImageColorCatalog":"","product_showquickview":"1","product_miniatureTitleLength":"30","product_shortdescription":"1","product_shortdescriptionlength":"65","segmentedviewsettinds_imagelimit":"5","segmentedviewsettinds_linecolor":"#e8e8e8","segmentedviewsettinds_activelinecolor":"#000000","segmentedviewsettinds_textcolorsh":"#000000","segmentedviewsettinds_textonlastimg":"1","h1h6_themeFontH":"lato","h1h6_h1h5Color":"#000000","h1h6_h1FontSize":"32px","h1h6_h2FontSize":"28px","h1h6_h3h4FontSize":"24px","h1h6_h5FontSize":"18px","h1h6_h6FontSize":"18px","orderpage_minimize":"","header_typeHeader":"header4","header_navBackground":"#282828","header_fontSizeNav":"14px","header_navlinkone":"#7e7e7e","header_navlinktwo":"#ffffff","header_headerBackground":"#ffffff","header_logoMiddle":"1","header_freeShippingBackground":"#000000","topmenu_background":"#ffffff","topmenu_fontSize":"14px","topmenu_stickyMenu":"1","wrapper_background":"#ffffff","newslet_backgroundImage":"image_596f60c37628e.jpg","footer_footerBackground":"#f5f6fa","footer_footertitels":"#000000","footer_footerlink":"#989898","footer_footerlinkHover":"#000000","footer_footertextcolor":"#989898","copyright_copyrightBackground":"#f5f6fa","copyright_showcopyright":"1","categoryPage_productsAmount":"col-xs-4","categoryPage_showCategoryDescription":"1","categoryPage_facetedsearch":"standard","homeSlider_sliderFont":"lato","homeSlider_titleColor":"#000000","homeSlider_TitleFontSize":"60px","homeSlider_descriptionColor":"#000000","homeSlider_descriptionFontSize":"16px","buttons_backgroundButton":"#000000","buttons_backgroundHoverButton":"#ffffff","buttons_borderwidthButton":"0px","buttons_bordercolorButton":"#2fb5d2","buttons_colorHoverBorder":"#ffff00","buttons_ButtonBorderRadius":"8px","buttons_colorButton":"#ffffff","buttons_colorButtonHover":"#000000","btnAddToCart_backgroundAddtocart":"#000000","btnAddToCart_backgroundHoverAddtocart":"#ffffff","btnAddToCart_borderWidthAddtocart":"0px","btnAddToCart_borderColorAddtocart":"#2fb5d2","btnAddToCart_borderColorHoverAddtocart":"#ffff00","btnAddToCart_borderRadiusAddtocart":"4px","btnAddToCart_colorAddtocart":"#ffffff","btnAddToCart_colorHoverAddtocart":"#000000","custom_code_code_css":"","custom_code_code_js":"","importPresets_preset":"charme_4","importPresets_presetName":"Charme 4","importPresets_presetId":"charme_4"}